image,confidence
nofire_0574.jpg,0.990032970905304
nofire_0564.jpg,0.9798254370689392
nofire_0336.jpg,0.9288533926010132
nofire_0762.jpg,0.8639093041419983
nofire_0147.jpg,0.547389030456543
nofire_0863.jpg,0.5108545422554016
